Organism/Name,Strain,BioSample,BioProject,SubGroup,Size (Mb),GC%,Assembly,Replicons,WGS,Scaffolds,Genes,Proteins,Release Date,Modify Date
Drosophila yakuba,Tai18E2,SAMN02952910 ,PRJNA12366,Insects,165.71,42.3955,GCA_000005975.1 ,chromosome X:NC_011091.1/CM000162.2; chromosome 2L:NT_167062.1/CM000157.2; chromosome 2R:NT_167063.1/CM000158.2; chromosome 3L:NT_167064.1/CM000159.2; chromosome 3R:NT_167065.1/CM000160.2; chromosome 4:NC_011090.1/CM000161.2; mitochondrion MT:NC_001322.1/X03240.1,AAEU02,8123,16079,23317,7/7/04,11/6/15
Homo sapiens,,-,PRJNA168,Mammals,3231.3,41.4511,GCA_000001405.21 ,chromosome 1:NC_000001.11/CM000663.2; chromosome 2:NC_000002.12/CM000664.2; chromosome 3:NC_000003.12/CM000665.2; chromosome 4:NC_000004.12/CM000666.2; chromosome 5:NC_000005.10/CM000667.2; chromosome 6:NC_000006.12/CM000668.2; chromosome 7:NC_000007.14/CM000669.2; chromosome 8:NC_000008.11/CM000670.2; chromosome 9:NC_000009.12/CM000671.2; chromosome 10:NC_000010.11/CM000672.2; chromosome 11:NC_000011.10/CM000673.2; chromosome 12:NC_000012.12/CM000674.2; chromosome 13:NC_000013.11/CM000675.2; chromosome 14:NC_000014.9/CM000676.2; chromosome 15:NC_000015.10/CM000677.2; chromosome 16:NC_000016.10/CM000678.2; chromosome 17:NC_000017.11/CM000679.2; chromosome 18:NC_000018.10/CM000680.2; chromosome 19:NC_000019.10/CM000681.2; chromosome 20:NC_000020.11/CM000682.2; chromosome 21:NC_000021.9/CM000683.2; chromosome 22:NC_000022.11/CM000684.2; chromosome X:NC_000023.11/CM000685.2; chromosome Y:NC_000024.10/CM000686.2; mitochondrion MT:NC_012920.1/J01415.2,-,801,56201,102633,8/2/02,3/12/15
Caenorhabditis briggsae,AF16,SAMEA3138181 ,PRJNA10731,Roundworms,108.384,37.6966,GCA_000004555.3 ,chromosome I:FR847112.2; chromosome II:FR847113.2; chromosome III:FR847114.2; chromosome IV:FR847118.2; chromosome V:FR847121.2; chromosome X:FR847123.2,CAAC03,638,22736,21959,8/22/02,4/10/15
Caenorhabditis elegans,Bristol N2,SAMEA3138177 ,PRJNA158,Roundworms,100.286,35.4317,GCA_000002985.3 ,chromosome I:NC_003279.8/BX284601.5; chromosome II:NC_003280.10/BX284602.5; chromosome III:NC_003281.10/BX284603.4; chromosome IV:NC_003282.8/BX284604.4; chromosome V:NC_003283.11/BX284605.5; chromosome X:NC_003284.9/BX284606.5; mitochondrion MT:NC_001328.1/X54252.1,-,7,46711,27943,12/3/01,12/31/15
Anopheles gambiae str. PEST,PEST,SAMN02952903 ,PRJNA1438,Insects,265.027,44.5151,GCA_000005575.1 ,chromosome 2L:NT_078265.2/CM000356.1; chromosome 3L:NT_078267.5/CM000358.1; chromosome X:NC_004818.2/CM000360.1; chromosome 2R:NT_078266.2/CM000357.1; chromosome 3R:NT_078268.4/CM000359.1; mitochondrion MT:NC_002084.1/L20934.1,AAAB01,8145,13184,14099,3/22/02,9/28/11
Drosophila melanogaster,,SAMN02803731 ,PRJNA164,Insects,143.726,42.0803,GCA_000001215.4 ,chromosome X:NC_004354.4/AE014298.5; chromosome 2L:NT_033779.5/AE014134.6; chromosome 2R:NT_033778.4/AE013599.5; chromosome 3L:NT_037436.4/AE014296.5; chromosome 3R:NT_033777.3/AE014297.3; chromosome 4:NC_004353.4/AE014135.4; chromosome Y:NC_024512.1/CP007106.1; mitochondrion MT:NC_024511.2/KJ947872.2,-,1870,17651,30443,4/30/02,10/19/15
Apis mellifera,DH4,SAMN00002455 ,PRJNA10625,Insects,250.287,34.1338,GCA_000002195.1 ,linkage group LG1:NC_007070.3/CM000054.5; linkage group LG2:NC_007071.3/CM000055.5; linkage group LG3:NC_007072.3/CM000059.5; linkage group LG4:NC_007073.3/CM000060.5; linkage group LG5:NC_007074.3/CM000058.5; linkage group LG6:NC_007075.3/CM000056.5; linkage group LG7:NC_007076.3/CM000063.5; linkage group LG8:NC_007077.3/CM000061.5; linkage group LG9:NC_007078.3/CM000062.5; linkage group LG10:NC_007079.3/CM000068.5; linkage group LG11:NC_007080.3/CM000057.5; linkage group LG12:NC_007081.3/CM000067.5; linkage group LG13:NC_007082.3/CM000064.5; linkage group LG14:NC_007083.3/CM000065.5; linkage group LG15:NC_007084.3/CM000066.5; linkage group LG16:NC_007085.3/CM000069.5; mitochondrion MT:NC_001566.1/L06178.1,AADG06,5645,13401,21777,12/19/03,8/4/14
Danio rerio,Tuebingen,SAMN03020626 ,PRJNA13922,Fishes,1371.72,36.6591,GCA_000002035.3 ,chromosome 1:NC_007112.6/CM002885.1; chromosome 2:NC_007113.6/CM002886.1; chromosome 3:NC_007114.6/CM002887.1; chromosome 4:NC_007115.6/CM002888.1; chromosome 5:NC_007116.6/CM002889.1; chromosome 6:NC_007117.6/CM002890.1; chromosome 7:NC_007118.6/CM002891.1; chromosome 8:NC_007119.6/CM002892.1; chromosome 9:NC_007120.6/CM002893.1; chromosome 10:NC_007121.6/CM002894.1; chromosome 11:NC_007122.6/CM002895.1; chromosome 12:NC_007123.6/CM002896.1; chromosome 13:NC_007124.6/CM002897.1; chromosome 14:NC_007125.6/CM002898.1; chromosome 15:NC_007126.6/CM002899.1; chromosome 16:NC_007127.6/CM002900.1; chromosome 17:NC_007128.6/CM002901.1; chromosome 18:NC_007129.6/CM002902.1; chromosome 19:NC_007130.6/CM002903.1; chromosome 20:NC_007131.6/CM002904.1; chromosome 21:NC_007132.6/CM002905.1; chromosome 22:NC_007133.6/CM002906.1; chromosome 23:NC_007134.6/CM002907.1; chromosome 24:NC_007135.6/CM002908.1; chromosome 25:NC_007136.6/CM002909.1; mitochondrion MT:NC_002333.2/AC024175.3,-,3399,39803,47861,7/5/05,9/24/14
Mus musculus,C57BL/6J,-,PRJNA169,Mammals,2803.57,41.9419,GCA_000001635.6 ,chromosome 1:NC_000067.6/CM000994.2; chromosome 2:NC_000068.7/CM000995.2; chromosome 3:NC_000069.6/CM000996.2; chromosome 4:NC_000070.6/CM000997.2; chromosome 5:NC_000071.6/CM000998.2; chromosome 6:NC_000072.6/CM000999.2; chromosome 7:NC_000073.6/CM001000.2; chromosome 8:NC_000074.6/CM001001.2; chromosome 9:NC_000075.6/CM001002.2; chromosome 10:NC_000076.6/CM001003.2; chromosome 11:NC_000077.6/CM001004.2; chromosome 12:NC_000078.6/CM001005.2; chromosome 13:NC_000079.6/CM001006.2; chromosome 14:NC_000080.6/CM001007.2; chromosome 15:NC_000081.6/CM001008.2; chromosome 16:NC_000082.6/CM001009.2; chromosome 17:NC_000083.6/CM001010.2; chromosome 18:NC_000084.6/CM001011.2; chromosome 19:NC_000085.6/CM001012.2; chromosome X:NC_000086.7/CM001013.2; chromosome Y:NC_000087.7/CM001014.2; mitochondrion MT:NC_005089.1/AY172335.1,-,293,48855,78065,9/2/04,2/9/15
Ciona intestinalis,,-,PRJDA65419,Other Animals,115.227,36.0218,GCA_000224145.2 ,chromosome 1:NC_020166.2/HT000001.2; chromosome 2:NC_020167.2/HT000007.2; chromosome 3:NC_020168.2/HT000008.2; chromosome 4:NC_020169.2/HT000009.2; chromosome 5:NC_020170.2/HT000010.2; chromosome 6:NC_020171.2/HT000011.2; chromosome 7:NC_020172.2/HT000012.2; chromosome 8:NC_020173.2/HT000013.2; chromosome 9:NC_020174.2/HT000014.2; chromosome 10:NC_020175.2/HT000002.2; chromosome 11:NC_020176.2/HT000003.2; chromosome 12:NC_020177.2/HT000004.2; chromosome 13:NC_020178.2/HT000005.2; chromosome 14:NC_020179.2/HT000006.2; chromosome MT:HT000188.1; mitochondrion MT:NC_004447.2/AJ517314.2,EAAA01,1280,14983,15438,4/27/11,4/27/11
Takifugu rubripes,,SAMEA3138310 ,PRJNA1434,Fishes,391.485,45.8414,GCA_000180615.2 ,chromosome 1:NC_018890.1/HE602535.1; chromosome 2:NC_018891.1/HE602536.1; chromosome 3:NC_018892.1/HE602537.1; chromosome 4:NC_018893.1/HE602538.1; chromosome 5:NC_018894.1/HE602539.1; chromosome 6:NC_018895.1/HE602540.1; chromosome 7:NC_018896.1/HE602541.1; chromosome 8:NC_018897.1/HE602542.1; chromosome 9:NC_018898.1/HE602543.1; chromosome 10:NC_018899.1/HE602544.1; chromosome 11:NC_018900.1/HE602545.1; chromosome 12:NC_018901.1/HE602546.1; chromosome 13:NC_018902.1/HE602547.1; chromosome 14:NC_018903.1/HE602548.1; chromosome 15:NC_018904.1/HE602549.1; chromosome 16:NC_018905.1/HE602550.1; chromosome 17:NC_018906.1/HE602551.1; chromosome 18:NC_018907.1/HE602552.1; chromosome 19:NC_018908.1/HE602553.1; chromosome 20:NC_018909.1/HE602554.1; chromosome 21:NC_018910.1/HE602555.1; chromosome 22:NC_018911.1/HE602556.1; mitochondrion MT:NC_004299.1/AJ421455.1,CAAB02,7091,23164,31052,8/22/02,7/12/11
Rattus norvegicus,mixed,SAMN02808228 ,PRJNA10629,Mammals,2870.18,42.3282,GCA_000001895.4 ,chromosome 1:NC_005100.4/CM000072.5; chromosome 2:NC_005101.4/CM000073.5; chromosome 3:NC_005102.4/CM000074.5; chromosome 4:NC_005103.4/CM000075.5; chromosome 5:NC_005104.4/CM000076.5; chromosome 6:NC_005105.4/CM000077.5; chromosome 7:NC_005106.4/CM000078.5; chromosome 8:NC_005107.4/CM000079.5; chromosome 9:NC_005108.4/CM000080.5; chromosome 10:NC_005109.4/CM000081.5; chromosome 11:NC_005110.4/CM000082.5; chromosome 12:NC_005111.4/CM000083.5; chromosome 13:NC_005112.4/CM000084.5; chromosome 14:NC_005113.4/CM000085.5; chromosome 15:NC_005114.4/CM000086.5; chromosome 16:NC_005115.4/CM000087.5; chromosome 17:NC_005116.4/CM000088.5; chromosome 18:NC_005117.4/CM000089.5; chromosome 19:NC_005118.4/CM000090.5; chromosome 20:NC_005119.4/CM000091.5; chromosome X:NC_005120.4/CM000092.5; chromosome Y:NC_024475.1/CM002824.1; mitochondrion MT:NC_001665.2/AY172581.1,AABR07,1395,37647,50706,11/27/02,7/1/14
Felis catus,,SAMN02953640 ,PRJNA16726,Mammals,2641.34,42.0311,GCA_000181335.3 ,chromosome A1:NC_018723.2/CM001378.2; chromosome A2:NC_018724.2/CM001379.2; chromosome A3:NC_018725.2/CM001380.2; chromosome B1:NC_018726.2/CM001381.2; chromosome B2:NC_018727.2/CM001382.2; chromosome B3:NC_018728.2/CM001383.2; chromosome B4:NC_018729.2/CM001384.2; chromosome C1:NC_018730.2/CM001385.2; chromosome C2:NC_018731.2/CM001386.2; chromosome D1:NC_018732.2/CM001387.2; chromosome D2:NC_018733.2/CM001388.2; chromosome D3:NC_018734.2/CM001389.2; chromosome D4:NC_018735.2/CM001390.2; chromosome E1:NC_018736.2/CM001391.2; chromosome E2:NC_018737.2/CM001392.2; chromosome E3:NC_018738.2/CM001393.2; chromosome F1:NC_018739.2/CM001394.2; chromosome F2:NC_018740.2/CM001395.2; chromosome X:NC_018741.2/CM001396.2; mitochondrion MT:NC_001700.1/U20753.1,AANG03,267928,25364,33226,4/27/06,11/7/14
Bos taurus,,SAMN02898106 ,PRJNA32899,Mammals,2670.14,41.8867,GCA_000003055.5 ,chromosome 1:AC_000158.1/GK000001.2; chromosome 2:AC_000159.1/GK000002.2; chromosome 3:AC_000160.1/GK000003.2; chromosome 4:AC_000161.1/GK000004.2; chromosome 5:AC_000162.1/GK000005.2; chromosome 6:AC_000163.1/GK000006.2; chromosome 7:AC_000164.1/GK000007.2; chromosome 8:AC_000165.1/GK000008.2; chromosome 9:AC_000166.1/GK000009.2; chromosome 10:AC_000167.1/GK000010.2; chromosome 11:AC_000168.1/GK000011.2; chromosome 12:AC_000169.1/GK000012.2; chromosome 13:AC_000170.1/GK000013.2; chromosome 14:AC_000171.1/GK000014.2; chromosome 15:AC_000172.1/GK000015.2; chromosome 16:AC_000173.1/GK000016.2; chromosome 17:AC_000174.1/GK000017.2; chromosome 18:AC_000175.1/GK000018.2; chromosome 19:AC_000176.1/GK000019.2; chromosome 20:AC_000177.1/GK000020.2; chromosome 21:AC_000178.1/GK000021.2; chromosome 22:AC_000179.1/GK000022.2; chromosome 23:AC_000180.1/GK000023.2; chromosome 24:AC_000181.1/GK000024.2; chromosome 25:AC_000182.1/GK000025.2; chromosome 26:AC_000183.1/GK000026.2; chromosome 27:AC_000184.1/GK000027.2; chromosome 28:AC_000185.1/GK000028.2; chromosome 29:AC_000186.1/GK000029.2; chromosome X:AC_000187.1/GK000030.2; mitochondrion MT:NC_006853.1/AY526085.1,DAAA02,6337,32432,49107,4/24/09,12/9/14
Sus scrofa,,SAMN02953785 ,PRJNA13421,Mammals,2808.53,42.452,GCA_000003025.4 ,chromosome 1:NC_010443.4/CM000812.4; chromosome 2:NC_010444.3/CM000813.4; chromosome 3:NC_010445.3/CM000814.4; chromosome 4:NC_010446.4/CM000815.4; chromosome 5:NC_010447.4/CM000816.4; chromosome 6:NC_010448.3/CM000817.4; chromosome 7:NC_010449.4/CM000818.4; chromosome 8:NC_010450.3/CM000819.4; chromosome 9:NC_010451.3/CM000820.4; chromosome 10:NC_010452.3/CM000821.4; chromosome 11:NC_010453.4/CM000822.4; chromosome 12:NC_010454.3/CM000823.4; chromosome 13:NC_010455.4/CM000824.4; chromosome 14:NC_010456.4/CM000825.4; chromosome 15:NC_010457.4/CM000826.4; chromosome 16:NC_010458.3/CM000827.4; chromosome 17:NC_010459.4/CM000828.4; chromosome 18:NC_010460.3/CM000829.4; chromosome X:NC_010461.4/CM000830.4; chromosome Y:NC_010462.2/CM001155.2; mitochondrion MT:NC_000845.1/AF034253.1,AEMK01,9906,38792,47400,7/11/08,8/6/14
Ornithorhynchus anatinus,,SAMN02953646 ,PRJNA12885,Mammals,1995.61,45.6584,GCF_000002275.2 ,chromosome 1:NC_009094.1/CM000409.1; chromosome 2:NC_009095.1/CM000410.1; chromosome 3:NC_009096.1/CM000411.1; chromosome 4:NC_009097.1/CM000412.1; chromosome 5:NC_009098.1/CM000413.1; chromosome 6:NC_009099.1/CM000414.1; chromosome 7:NC_009100.1/CM000415.1; chromosome 10:NC_009103.1/CM000416.1; chromosome 11:NC_009104.1/CM000417.1; chromosome 12:NC_009105.1/CM000418.1; chromosome 14:NC_009107.1/CM000419.1; chromosome 15:NC_009108.1/CM000420.1; chromosome 17:NC_009110.1/CM000421.1; chromosome 18:NC_009111.1/CM000422.1; chromosome 20:NC_009112.1/CM000423.1; chromosome X1:NC_009114.1/CM000424.1; chromosome X2:NC_009115.1/CM000425.1; chromosome X3:NC_009116.1/CM000426.1; chromosome X5:NC_009118.1/CM000427.1; mitochondrion MT:NC_000891.1/X83427.1,AAPN01,200283,23777,26109,4/10/06,4/30/14
Gallus gallus,,SAMN02981218 ,PRJNA13342,Birds,1230.26,42.9197,GCA_000002315.3 ,chromosome 1:NC_006088.4/CM000093.4; chromosome 2:NC_006089.4/CM000094.4; chromosome 3:NC_006090.4/CM000095.4; chromosome 4:NC_006091.4/CM000096.4; chromosome 5:NC_006092.4/CM000097.4; chromosome 6:NC_006093.4/CM000098.4; chromosome 7:NC_006094.4/CM000099.4; chromosome 8:NC_006095.4/CM000100.4; chromosome 9:NC_006096.4/CM000101.4; chromosome 10:NC_006097.4/CM000102.4; chromosome 11:NC_006098.4/CM000103.4; chromosome 12:NC_006099.4/CM000104.4; chromosome 13:NC_006100.4/CM000105.4; chromosome 14:NC_006101.4/CM000106.4; chromosome 15:NC_006102.4/CM000107.4; chromosome 16:NC_006103.4/CM000108.4; chromosome 17:NC_006104.4/CM000109.4; chromosome 18:NC_006105.4/CM000110.4; chromosome 19:NC_006106.4/CM000111.4; chromosome 20:NC_006107.4/CM000112.4; chromosome 21:NC_006108.4/CM000113.4; chromosome 22:NC_006109.4/CM000114.4; chromosome 23:NC_006110.4/CM000115.4; chromosome 24:NC_006111.4/CM000116.4; chromosome 25:NC_006112.3/CM000124.4; chromosome 26:NC_006113.4/CM000117.4; chromosome 27:NC_006114.4/CM000118.4; chromosome 28:NC_006115.4/CM000119.4; chromosome 30:NC_028739.1/CM003637.1; chromosome 31:NC_028740.1/CM003638.1; chromosome 32:NC_006119.3/CM000120.3; chromosome 33:NC_008465.3/CM000123.4; chromosome W:NC_006126.4/CM000121.4; chromosome Z:NC_006127.4/CM000122.4; linkage group LGE64:NC_008466.3/CM000367.3; mitochondrion MT:NC_001323.1/X52392.1,AADN04,23870,25062,46393,2/29/04,12/16/15
Meleagris gallopavo,,SAMN02981253 ,PRJNA42129,Birds,1128.34,41.7219,GCA_000146605.3 ,chromosome 1:NC_015011.2/CM000962.2; chromosome 2:NC_015012.2/CM000963.2; chromosome 3:NC_015013.2/CM000964.2; chromosome 4:NC_015014.2/CM000965.2; chromosome 5:NC_015015.2/CM000966.2; chromosome 6:NC_015016.2/CM000967.2; chromosome 7:NC_015017.2/CM000968.2; chromosome 8:NC_015018.2/CM000969.2; chromosome 9:NC_015019.2/CM000970.2; chromosome 10:NC_015020.2/CM000971.2; chromosome 11:NC_015021.2/CM000972.2; chromosome 12:NC_015022.2/CM000973.2; chromosome 13:NC_015023.2/CM000974.2; chromosome 14:NC_015024.2/CM000975.2; chromosome 15:NC_015025.2/CM000976.2; chromosome 16:NC_015026.2/CM000977.2; chromosome 17:NC_015027.2/CM000978.2; chromosome 18:NC_015028.2/CM000979.2; chromosome 19:NC_015029.2/CM000980.2; chromosome 20:NC_015030.2/CM000981.2; chromosome 21:NC_015031.2/CM000982.2; chromosome 22:NC_015032.2/CM000983.2; chromosome 23:NC_015033.2/CM000984.2; chromosome 24:NC_015034.2/CM000985.2; chromosome 25:NC_015035.2/CM000986.2; chromosome 26:NC_015036.2/CM000987.2; chromosome 27:NC_015037.2/CM000988.2; chromosome 28:NC_015038.2/CM000989.2; chromosome 29:NC_015039.2/CM000990.2; chromosome 30:NC_015040.2/CM000991.2; chromosome Z:NC_015041.2/CM000993.2; chromosome W:NC_015042.2/CM000992.2; mitochondrion MT:NC_010195.2/JF275060.1,ADDD02,233806,20903,26423,9/7/10,11/24/14
Coturnix japonica,,SAMN03989050 ,PRJNA292031,Birds,927.657,41.3684,GCA_001577835.1 ,chromosome 1:NC_029516.1/CM003781.1; chromosome 2:NC_029517.1/CM003782.1; chromosome 3:NC_029518.1/CM003783.1; chromosome 4:NC_029519.1/CM003784.1; chromosome 5:NC_029520.1/CM003785.1; chromosome 6:NC_029521.1/CM003786.1; chromosome 7:NC_029522.1/CM003787.1; chromosome 8:NC_029523.1/CM003788.1; chromosome 9:NC_029524.1/CM003789.1; chromosome 10:NC_029525.1/CM003790.1; chromosome 11:NC_029526.1/CM003791.1; chromosome 12:NC_029527.1/CM003792.1; chromosome 13:NC_029528.1/CM003793.1; chromosome 14:NC_029529.1/CM003794.1; chromosome 15:NC_029530.1/CM003795.1; chromosome 16:NC_029531.1/CM003796.1; chromosome 17:NC_029532.1/CM003797.1; chromosome 18:NC_029533.1/CM003798.1; chromosome 19:NC_029534.1/CM003799.1; chromosome 20:NC_029535.1/CM003800.1; chromosome 21:NC_029536.1/CM003801.1; chromosome 22:NC_029537.1/CM003802.1; chromosome 23:NC_029538.1/CM003803.1; chromosome 24:NC_029539.1/CM003804.1; chromosome 25:NC_029540.1/CM003805.1; chromosome 26:NC_029541.1/CM003806.1; chromosome 27:NC_029542.1/CM003807.1; chromosome 28:NC_029543.1/CM003808.1; chromosome LGE22C19W28_E50C23:NC_029544.1/CM003809.1; chromosome LGE64:NC_029545.1/CM003810.1; chromosome W:NC_029546.1/CM003811.1; chromosome Z:NC_029547.1/CM003812.1; mitochondrion MT:NC_003408.1/AP003195.2,LSZS01,2531,20522,39088,2/24/16,3/1/16
Equus caballus,,SAMN02953672 ,PRJNA18661,Mammals,2474.93,41.6532,GCA_000002305.1 ,chromosome 1:NC_009144.2/CM000377.2; chromosome 2:NC_009145.2/CM000378.2; chromosome 3:NC_009146.2/CM000379.2; chromosome 4:NC_009147.2/CM000380.2; chromosome 5:NC_009148.2/CM000381.2; chromosome 6:NC_009149.2/CM000382.2; chromosome 7:NC_009150.2/CM000383.2; chromosome 8:NC_009151.2/CM000384.2; chromosome 9:NC_009152.2/CM000385.2; chromosome 10:NC_009153.2/CM000386.2; chromosome 11:NC_009154.2/CM000387.2; chromosome 12:NC_009155.2/CM000388.2; chromosome 13:NC_009156.2/CM000389.2; chromosome 14:NC_009157.2/CM000390.2; chromosome 15:NC_009158.2/CM000391.2; chromosome 16:NC_009159.2/CM000392.2; chromosome 17:NC_009160.2/CM000393.2; chromosome 18:NC_009161.2/CM000394.2; chromosome 19:NC_009162.2/CM000395.2; chromosome 20:NC_009163.2/CM000396.2; chromosome 21:NC_009164.2/CM000397.2; chromosome 22:NC_009165.2/CM000398.2; chromosome 23:NC_009166.2/CM000399.2; chromosome 24:NC_009167.2/CM000400.2; chromosome 25:NC_009168.2/CM000401.2; chromosome 26:NC_009169.2/CM000402.2; chromosome 27:NC_009170.2/CM000403.2; chromosome 28:NC_009171.2/CM000404.2; chromosome 29:NC_009172.2/CM000405.2; chromosome 30:NC_009173.2/CM000406.2; chromosome 31:NC_009174.2/CM000407.2; chromosome X:NC_009175.2/CM000408.2; mitochondrion MT:NC_001640.1/X79547.1,AAWR02,9688,26948,36064,1/24/07,8/6/14
Oreochromis niloticus,,SAMN00117560 ,PRJNA59571,Fishes,927.696,41.5012,GCA_000188235.2 ,linkage group LG1:NC_022199.1/CM001444.1; linkage group LG2:NC_022200.1/CM001445.1; linkage group LG3:NC_022201.1/CM001446.1; linkage group LG4:NC_022202.1/CM001447.1; linkage group LG5:NC_022203.1/CM001448.1; linkage group LG6:NC_022204.1/CM001449.1; linkage group LG7:NC_022205.1/CM001450.1; linkage group LG8-24:NC_022206.1/CM001451.1; linkage group LG9:NC_022207.1/CM001452.1; linkage group LG10:NC_022208.1/CM001453.1; linkage group LG11:NC_022209.1/CM001454.1; linkage group LG12:NC_022210.1/CM001455.1; linkage group LG13:NC_022211.1/CM001456.1; linkage group LG14:NC_022212.1/CM001457.1; linkage group LG15:NC_022213.1/CM001458.1; linkage group LG16-21:NC_022214.1/CM001459.1; linkage group LG17:NC_022215.1/CM001460.1; linkage group LG18:NC_022216.1/CM001461.1; linkage group LG19:NC_022217.1/CM001462.1; linkage group LG20:NC_022218.1/CM001463.1; linkage group LG22:NC_022219.1/CM001464.1; linkage group LG23:NC_022220.1/CM001465.1; mitochondrion MT:NC_013663.1/GU238433.1,AERX01,5910,30411,47714,1/28/11,4/28/15
Papio anubis,,SAMN02981400 ,PRJNA54005,Mammals,2948.4,41.1229,GCA_000264685.1 ,chromosome 1:NC_018152.1/CM001491.1; chromosome 2:NC_018153.1/CM001492.1; chromosome 3:NC_018154.1/CM001493.1; chromosome 4:NC_018155.1/CM001494.1; chromosome 5:NC_018156.1/CM001495.1; chromosome 6:NC_018157.1/CM001496.1; chromosome 7:NC_018158.1/CM001497.1; chromosome 8:NC_018159.1/CM001498.1; chromosome 9:NC_018160.1/CM001499.1; chromosome 10:NC_018161.1/CM001500.1; chromosome 11:NC_018162.1/CM001501.1; chromosome 12:NC_018163.1/CM001502.1; chromosome 13:NC_018164.1/CM001503.1; chromosome 14:NC_018165.1/CM001504.1; chromosome 15:NC_018166.1/CM001505.1; chromosome 16:NC_018167.1/CM001506.1; chromosome 17:NC_018168.1/CM001507.1; chromosome 18:NC_018169.1/CM001508.1; chromosome 19:NC_018170.1/CM001509.1; chromosome 20:NC_018171.1/CM001510.1; chromosome X:NC_018172.1/CM001511.1; mitochondrion MT:NC_020006.2/JX946196.2,AHZZ01,72501,38695,54082,5/30/12,8/11/14
Ovis aries,,SAMN00116405 ,PRJNA169880,Mammals,2615.52,41.9473,GCA_000298735.2 ,chromosome 1:NC_019458.2/CM001582.2; chromosome 1:NW_014639010.1/CM001582.2; chromosome 2:NW_014639011.1/CM001583.2; chromosome 2:NC_019459.2/CM001583.2; chromosome 3:NC_019460.2/CM001584.2; chromosome 3:NW_014639012.1/CM001584.2; chromosome 4:NW_014639013.1/CM001585.2; chromosome 4:NC_019461.2/CM001585.2; chromosome 5:NC_019462.2/CM001586.2; chromosome 5:NW_014639014.1/CM001586.2; chromosome 6:NC_019463.2/CM001587.2; chromosome 6:NW_014639015.1/CM001587.2; chromosome 7:NC_019464.2/CM001588.2; chromosome 7:NW_014639016.1/CM001588.2; chromosome 8:NW_014639017.1/CM001589.2; chromosome 8:NC_019465.2/CM001589.2; chromosome 9:NC_019466.2/CM001590.2; chromosome 9:NW_014639018.1/CM001590.2; chromosome 10:NW_014639019.1/CM001591.2; chromosome 10:NC_019467.2/CM001591.2; chromosome 11:NW_014639020.1/CM001592.2; chromosome 11:NC_019468.2/CM001592.2; chromosome 12:NC_019469.2/CM001593.2; chromosome 12:NW_014639021.1/CM001593.2; chromosome 13:NC_019470.2/CM001594.2; chromosome 13:NW_014639022.1/CM001594.2; chromosome 14:NW_014639023.1/CM001595.2; chromosome 14:NC_019471.2/CM001595.2; chromosome 15:NC_019472.2/CM001596.2; chromosome 15:NW_014639024.1/CM001596.2; chromosome 16:NW_014639025.1/CM001597.2; chromosome 16:NC_019473.2/CM001597.2; chromosome 17:NW_014639026.1/CM001598.2; chromosome 17:NC_019474.2/CM001598.2; chromosome 18:NC_019475.2/CM001599.2; chromosome 18:NW_014639027.1/CM001599.2; chromosome 19:NW_014639028.1/CM001600.2; chromosome 19:NC_019476.2/CM001600.2; chromosome 20:NW_014639029.1/CM001601.2; chromosome 20:NC_019477.2/CM001601.2; chromosome 21:NW_014639030.1/CM001602.2; chromosome 21:NC_019478.2/CM001602.2; chromosome 22:NW_014639031.1/CM001603.2; chromosome 22:NC_019479.2/CM001603.2; chromosome 23:NW_014639032.1/CM001604.2; chromosome 23:NC_019480.2/CM001604.2; chromosome 24:NW_014639033.1/CM001605.2; chromosome 24:NC_019481.2/CM001605.2; chromosome 25:NC_019482.2/CM001606.2; chromosome 25:NW_014639034.1/CM001606.2; chromosome 26:NW_014639035.1/CM001607.2; chromosome 26:NC_019483.2/CM001607.2; chromosome X:NC_019484.2/CM001608.2; chromosome X:NW_014639036.1/CM001608.2; mitochondrion MT:NC_001941.1/AF010406.1,AMGL02,5466,57491,85433,9/21/12,11/20/15
Canis lupus familiaris,,SAMN02953603 ,PRJNA13179,Mammals,2410.98,41.3022,GCA_000002285.2 ,chromosome 1:NC_006583.3/CM000001.3; chromosome 2:NC_006584.3/CM000002.3; chromosome 3:NC_006585.3/CM000003.3; chromosome 4:NC_006586.3/CM000004.3; chromosome 5:NC_006587.3/CM000005.3; chromosome 6:NC_006588.3/CM000006.3; chromosome 7:NC_006589.3/CM000007.3; chromosome 8:NC_006590.3/CM000008.3; chromosome 9:NC_006591.3/CM000009.3; chromosome 10:NC_006592.3/CM000010.3; chromosome 11:NC_006593.3/CM000011.3; chromosome 12:NC_006594.3/CM000012.3; chromosome 13:NC_006595.3/CM000013.3; chromosome 14:NC_006596.3/CM000014.3; chromosome 15:NC_006597.3/CM000015.3; chromosome 16:NC_006598.3/CM000016.3; chromosome 17:NC_006599.3/CM000017.3; chromosome 18:NC_006600.3/CM000018.3; chromosome 19:NC_006601.3/CM000019.3; chromosome 20:NC_006602.3/CM000020.3; chromosome 21:NC_006603.3/CM000021.3; chromosome 22:NC_006604.3/CM000022.3; chromosome 23:NC_006605.3/CM000023.3; chromosome 24:NC_006606.3/CM000024.3; chromosome 25:NC_006607.3/CM000025.3; chromosome 26:NC_006608.3/CM000026.3; chromosome 27:NC_006609.3/CM000027.3; chromosome 28:NC_006610.3/CM000028.3; chromosome 29:NC_006611.3/CM000029.3; chromosome 30:NC_006612.3/CM000030.3; chromosome 31:NC_006613.3/CM000031.3; chromosome 32:NC_006614.3/CM000032.3; chromosome 33:NC_006615.3/CM000033.3; chromosome 34:NC_006616.3/CM000034.3; chromosome 35:NC_006617.3/CM000035.3; chromosome 36:NC_006618.3/CM000036.3; chromosome 37:NC_006619.3/CM000037.3; chromosome 38:NC_006620.3/CM000038.3; chromosome X:NC_006621.3/CM000039.3; mitochondrion MT:NC_002008.4/U96639.2,AAEX03,3310,30186,47089,7/10/04,8/6/14
Drosophila simulans,w501,SAMN01086904 ,PRJNA170244,Insects,124.966,42.9583,GCA_000754195.2 ,chromosome 2L:CM002910.1; chromosome 2R:CM002911.1; chromosome 3L:CM002912.1; chromosome 3R:CM002913.1; chromosome 4:CM002916.1; chromosome X:CM002914.1; mitochondrion MT:CM002915.1,JPYS01,7619,15229,24119,8/18/14,7/21/15
Pan troglodytes,,SAMN02981217 ,PRJNA12552,Mammals,3309.58,41.8745,GCA_000001515.4 ,chromosome 1:NC_006468.3/CM000314.2; chromosome 2A:NC_006469.3/CM000315.2; chromosome 2B:NC_006470.3/CM000316.2; chromosome 3:NC_006490.3/CM000317.2; chromosome 4:NC_006471.3/CM000318.2; chromosome 5:NC_006472.3/CM000319.2; chromosome 6:NC_006473.3/CM000320.2; chromosome 7:NC_006474.3/CM000321.3; chromosome 8:NC_006475.3/CM000322.3; chromosome 9:NC_006476.3/CM000323.2; chromosome 10:NC_006477.3/CM000324.2; chromosome 11:NC_006478.3/CM000325.2; chromosome 12:NC_006479.3/CM000326.2; chromosome 13:NC_006480.3/CM000327.2; chromosome 14:NC_006481.3/CM000328.2; chromosome 15:NC_006482.3/CM000329.2; chromosome 16:NC_006483.3/CM000330.2; chromosome 17:NC_006484.3/CM000331.2; chromosome 18:NC_006485.3/CM000332.2; chromosome 19:NC_006486.3/CM000333.2; chromosome 20:NC_006487.3/CM000334.3; chromosome 21:NC_006488.3/BA000046.3; chromosome 22:NC_006489.3/CM000335.2; chromosome X:NC_006491.3/CM000336.2; chromosome Y:NC_006492.3/DP000054.2; mitochondrion MT:NC_001643.1/D38113.1,AACZ03,27005,34813,56786,12/6/03,8/11/14
Monodelphis domestica,,SAMN02953611 ,PRJNA12561,Mammals,3598.44,38.1446,GCF_000002295.2 ,chromosome 1:NC_008801.1/CM000368.1; chromosome 2:NC_008802.1/CM000369.1; chromosome 3:NC_008803.1/CM000370.1; chromosome 4:NC_008804.1/CM000371.1; chromosome 5:NC_008805.1/CM000372.1; chromosome 6:NC_008806.1/CM000373.1; chromosome 7:NC_008807.1/CM000374.1; chromosome 8:NC_008808.1/CM000375.1; chromosome X:NC_008809.1/CM000376.1; mitochondrion MT:NC_006299.1/AJ508398.1,AAFR03,5223,36227,45804,11/8/04,4/25/14
Tribolium castaneum,Georgia GA2,SAMN02953634 ,PRJNA12540,Insects,210.265,38.3665,GCA_000002335.2 ,linkage group LG1=X:NC_007416.2/CM000276.2; linkage group LG2:NC_007417.2/CM000277.2; linkage group LG3:NC_007418.2/CM000278.2; linkage group LG4:NC_007419.1/CM000279.1; linkage group LG5:NC_007420.2/CM000280.2; linkage group LG6:NC_007421.2/CM000281.2; linkage group LG7:NC_007422.4/CM000282.2; linkage group LG8:NC_007423.2/CM000283.2; linkage group LG9:NC_007424.2/CM000284.2; linkage group LG10:NC_007425.2/CM000285.2; mitochondrion MT:NC_003081.2/AJ312413.2,AAJJ01,2322,13181,18076,8/17/05,5/30/14
Drosophila pseudoobscura pseudoobscura,MV2-25,SAMN00779672 ,PRJNA10626,Insects,152.696,45.3281,GCA_000001765.2 ,chromosome 2:NC_009005.2/CM000070.3; chromosome 3:NC_009006.2/CM000071.3,AADE01,4790,16721,23456,12/24/03,8/4/14
Macaca mulatta,,SAMN02981228 ,PRJNA12395,Mammals,3236.22,41.1891,GCA_000772875.3 ,chromosome 1:NC_027893.1/CM002977.3; chromosome 2:NC_027894.1/CM002980.3; chromosome 3:NC_027895.1/CM002984.2; chromosome 4:NC_027896.1/CM002983.2; chromosome 5:NC_027897.1/CM002981.2; chromosome 6:NC_027898.1/CM002982.3; chromosome 7:NC_027899.1/CM002991.3; chromosome 8:NC_027900.1/CM002985.3; chromosome 9:NC_027901.1/CM002987.3; chromosome 10:NC_027902.1/CM002992.3; chromosome 11:NC_027903.1/CM002989.3; chromosome 12:NC_027904.1/CM002979.2; chromosome 13:NC_027905.1/CM002978.2; chromosome 14:NC_027906.1/CM002988.2; chromosome 15:NC_027907.1/CM002986.2; chromosome 16:NC_027908.1/CM002994.2; chromosome 17:NC_027909.1/CM002990.2; chromosome 18:NC_027910.1/CM002995.2; chromosome 19:NC_027911.1/CM002996.3; chromosome 20:NC_027912.1/CM002993.2; chromosome X:NC_027913.1/CM002997.3; chromosome Y:NC_027914.1/CM003438.1; mitochondrion MT:NC_005943.1/AY612638.1,JSUE03,286263,186,99,11/4/14,11/30/15
Schistosoma mansoni,Puerto Rico,SAMEA2272516 ,PRJEA36577,Flatworms,364.538,35.2373,GCA_000237925.2 ,chromosome W:HE601631.1; chromosome 1:HE601624.1; chromosome 2:HE601625.1; chromosome 3:HE601626.1; chromosome 4:HE601627.1; chromosome 5:HE601628.1; chromosome 6:HE601629.1; chromosome 7:HE601630.1; mitochondrion MT:HE601612.1,CABG01,885,15882,11787,10/3/11,10/3/11
Oryctolagus cuniculus,,SAMN02953624 ,PRJNA12819,Mammals,2737.46,44.0526,GCA_000003625.1 ,chromosome 1:NC_013669.1/CM000790.1; chromosome 2:NC_013670.1/CM000791.1; chromosome 3:NC_013671.1/CM000792.1; chromosome 4:NC_013672.1/CM000793.1; chromosome 5:NC_013673.1/CM000794.1; chromosome 6:NC_013674.1/CM000795.1; chromosome 7:NC_013675.1/CM000796.1; chromosome 8:NC_013676.1/CM000797.1; chromosome 9:NC_013677.1/CM000798.1; chromosome 10:NC_013678.1/CM000799.1; chromosome 11:NC_013679.1/CM000800.1; chromosome 12:NC_013680.1/CM000801.1; chromosome 13:NC_013681.1/CM000802.1; chromosome 14:NC_013682.1/CM000803.1; chromosome 15:NC_013683.1/CM000804.1; chromosome 16:NC_013684.1/CM000805.1; chromosome 17:NC_013685.1/CM000806.1; chromosome 18:NC_013686.1/CM000807.1; chromosome 19:NC_013687.1/CM000808.1; chromosome 20:NC_013688.1/CM000809.1; chromosome 21:NC_013689.1/CM000810.1; chromosome X:NC_013690.1/CM000811.1; mitochondrion MT:NC_001913.1/AJ001588.1,AAGW02,3318,28903,37564,5/13/05,8/6/14
Pongo abelii,,SAMN02981238 ,PRJNA20869,Mammals,3441.24,41.5894,GCF_000001545.4 ,chromosome 1:NC_012591.1/CM000550.1; chromosome 2A:NC_012592.1/CM000551.1; chromosome 2B:NC_012593.1/CM000552.1; chromosome 3:NC_012594.1/CM000553.1; chromosome 4:NC_012595.1/CM000554.1; chromosome 5:NC_012596.1/CM000555.1; chromosome 6:NC_012597.1/CM000556.1; chromosome 7:NC_012598.1/CM000557.1; chromosome 8:NC_012599.1/CM000558.1; chromosome 9:NC_012600.1/CM000559.1; chromosome 10:NC_012601.1/CM000560.1; chromosome 11:NC_012602.1/CM000561.1; chromosome 12:NC_012603.1/CM000562.1; chromosome 13:NC_012604.1/CM000563.1; chromosome 14:NC_012605.1/CM000564.1; chromosome 15:NC_012606.1/CM000565.1; chromosome 16:NC_012607.1/CM000566.1; chromosome 17:NC_012608.1/CM000567.1; chromosome 18:NC_012609.1/CM000568.1; chromosome 19:NC_012610.1/CM000569.1; chromosome 20:NC_012611.1/CM000570.1; chromosome 21:NC_012612.1/CM000571.1; chromosome 22:NC_012613.1/CM000572.1; chromosome X:NC_012614.1/CM000573.1; mitochondrion MT:NC_002083.1/X97707.1,ABGA01,79342,32434,37509,11/14/07,8/11/14
Taeniopygia guttata,,SAMN02981239 ,PRJNA17289,Birds,1232.14,41.4526,GCA_000151805.2 ,chromosome 1:NC_011462.1/CM000515.1; chromosome 1A:NC_011463.1/CM000516.1; chromosome 1B:NC_011464.1/CM000517.1; chromosome 2:NC_011465.1/CM000518.1; chromosome 3:NC_011466.1/CM000519.1; chromosome 4:NC_011467.1/CM000520.1; chromosome 4A:NC_011468.1/CM000521.1; chromosome 5:NC_011469.1/CM000522.1; chromosome 6:NC_011470.1/CM000523.1; chromosome 7:NC_011471.1/CM000524.1; chromosome 8:NC_011472.1/CM000525.1; chromosome 9:NC_011473.1/CM000526.1; chromosome 10:NC_011474.1/CM000527.1; chromosome 11:NC_011475.1/CM000528.1; chromosome 12:NC_011476.1/CM000529.1; chromosome 13:NC_011477.1/CM000530.1; chromosome 14:NC_011478.1/CM000531.1; chromosome 15:NC_011479.1/CM000532.1; chromosome 16:NC_011480.1/CM000533.1; chromosome 17:NC_011481.1/CM000534.1; chromosome 18:NC_011482.1/CM000535.1; chromosome 19:NC_011483.1/CM000536.1; chromosome 20:NC_011484.1/CM000537.1; chromosome 21:NC_011485.1/CM000538.1; chromosome 22:NC_011486.1/CM000539.1; chromosome 23:NC_011487.1/CM000540.1; chromosome 24:NC_011488.1/CM000541.1; chromosome 25:NC_011489.1/CM000542.1; chromosome 26:NC_011490.1/CM000543.1; chromosome 27:NC_011491.1/CM000544.1; chromosome 28:NC_011492.1/CM000545.1; chromosome LGE22:NC_011496.1/CM000549.1; chromosome LG2:NC_011494.1/CM000547.1; chromosome LG5:NC_011495.1/CM000548.1; chromosome Z:NC_011493.1/CM000546.1; mitochondrion MT:NC_007897.1/DQ422742.1,ABQF01,37422,17357,19447,9/3/08,8/11/14
Salmo salar,,SAMN02749551 ,PRJNA72713,Fishes,2966.89,43.8409,GCA_000233375.4 ,chromosome ssa01:NC_027300.1/CM003279.1; chromosome ssa02:NC_027301.1/CM003280.1; chromosome ssa03:NC_027302.1/CM003281.1; chromosome ssa04:NC_027303.1/CM003282.1; chromosome ssa05:NC_027304.1/CM003283.1; chromosome ssa06:NC_027305.1/CM003284.1; chromosome ssa07:NC_027306.1/CM003285.1; chromosome ssa08:NC_027307.1/CM003286.1; chromosome ssa09:NC_027308.1/CM003287.1; chromosome ssa10:NC_027309.1/CM003288.1; chromosome ssa11:NC_027310.1/CM003289.1; chromosome ssa12:NC_027311.1/CM003290.1; chromosome ssa13:NC_027312.1/CM003291.1; chromosome ssa14:NC_027313.1/CM003292.1; chromosome ssa15:NC_027314.1/CM003293.1; chromosome ssa16:NC_027315.1/CM003294.1; chromosome ssa17:NC_027316.1/CM003295.1; chromosome ssa18:NC_027317.1/CM003296.1; chromosome ssa19:NC_027318.1/CM003297.1; chromosome ssa20:NC_027319.1/CM003298.1; chromosome ssa21:NC_027320.1/CM003299.1; chromosome ssa22:NC_027321.1/CM003300.1; chromosome ssa23:NC_027322.1/CM003301.1; chromosome ssa24:NC_027323.1/CM003302.1; chromosome ssa25:NC_027324.1/CM003303.1; chromosome ssa26:NC_027325.1/CM003304.1; chromosome ssa27:NC_027326.1/CM003305.1; chromosome ssa28:NC_027327.1/CM003306.1; chromosome ssa29:NC_027328.1/CM003307.1; mitochondrion MT:NC_001960.1/U12143.1,AGKD04,241573,116,13,10/25/11,6/11/15
Callithrix jacchus,,SAMN02981242 ,PRJNA20401,Mammals,2914.96,41.3414,GCA_000004665.1 ,chromosome 1:NC_013896.1/CM000856.1; chromosome 2:NC_013897.1/CM000857.1; chromosome 3:NC_013898.1/CM000858.1; chromosome 4:NC_013899.1/CM000859.1; chromosome 5:NC_013900.1/CM000860.1; chromosome 6:NC_013901.1/CM000861.1; chromosome 7:NC_013902.1/CM000862.1; chromosome 8:NC_013903.1/CM000863.1; chromosome 9:NC_013904.1/CM000864.1; chromosome 10:NC_013905.1/CM000865.1; chromosome 11:NC_013906.1/CM000866.1; chromosome 12:NC_013907.1/CM000867.1; chromosome 13:NC_013908.1/CM000868.1; chromosome 14:NC_013909.1/CM000869.1; chromosome 15:NC_013910.1/CM000870.1; chromosome 16:NC_013911.1/CM000871.1; chromosome 17:NC_013912.1/CM000872.1; chromosome 18:NC_013913.1/CM000873.1; chromosome 19:NC_013914.1/CM000874.1; chromosome 20:NC_013915.1/CM000875.1; chromosome 21:NC_013916.1/CM000876.1; chromosome 22:NC_013917.1/CM000877.1; chromosome X:NC_013918.1/CM000878.1; chromosome Y:NC_013919.1/CM000879.1,ACFV01,16399,34856,44212,1/21/10,8/11/14
Nasonia vitripennis,AsymCX,SAMN02902141 ,PRJNA13660,Insects,295.781,43.2193,GCA_000002325.2 ,chromosome 1:NC_015867.2/CM000915.2; chromosome 2:NC_015868.2/CM000916.2; chromosome 3:NC_015869.2/CM000917.2; chromosome 4:NC_015870.2/CM000918.2; chromosome 5:NC_015871.2/CM000919.2,AAZX01,6169,14273,24671,5/4/07,8/4/14
Nomascus leucogenys,,SAMN02981257 ,PRJNA13975,Mammals,2962.06,41.3958,GCA_000146795.3 ,chromosome 1a:NC_019816.1/CM001646.1; chromosome 2:NC_019817.1/CM001648.1; chromosome 3:NC_019818.1/CM001649.1; chromosome 4:NC_019819.1/CM001650.1; chromosome 5:NC_019820.1/CM001651.1; chromosome 6:NC_019821.1/CM001652.1; chromosome 7b:NC_019822.1/CM001653.1; chromosome 8:NC_019823.1/CM001654.1; chromosome 9:NC_019824.1/CM001655.1; chromosome 10:NC_019825.1/CM001656.1; chromosome 11:NC_019826.1/CM001657.1; chromosome 12:NC_019827.1/CM001658.1; chromosome 13:NC_019828.1/CM001659.1; chromosome 14:NC_019829.1/CM001660.1; chromosome 15:NC_019830.1/CM001661.1; chromosome 16:NC_019831.1/CM001662.1; chromosome 17:NC_019832.1/CM001663.1; chromosome 18:NC_019833.1/CM001664.1; chromosome 19:NC_019834.1/CM001665.1; chromosome 20:NC_019835.1/CM001666.1; chromosome 21:NC_019836.1/CM001667.1; chromosome 22a:NC_019837.1/CM001647.1; chromosome 23:NC_019838.1/CM001668.1; chromosome 24:NC_019839.1/CM001669.1; chromosome 25:NC_019840.1/CM001670.1; chromosome X:NC_019841.1/CM001671.1,ADFV01,17524,28462,38654,8/31/10,9/5/14
Oryzias latipes,Hd-rR,SAMD00036523 ,PRJNA16702,Fishes,869.818,42.2741,GCA_000313675.1 ,chromosome 1:NC_019859.1/DG000001.5; chromosome 2:NC_019860.1/DG000002.5; chromosome 3:NC_019861.1/DG000003.5; chromosome 4:NC_019862.1/DG000004.5; chromosome 5:NC_019863.1/DG000005.5; chromosome 6:NC_019864.1/DG000006.5; chromosome 7:NC_019865.1/DG000007.5; chromosome 8:NC_019866.1/DG000008.5; chromosome 9:NC_019867.1/DG000009.5; chromosome 10:NC_019868.1/DG000010.5; chromosome 11:NC_019869.1/DG000011.5; chromosome 12:NC_019870.1/DG000012.5; chromosome 13:NC_019871.1/DG000013.5; chromosome 14:NC_019872.1/DG000014.5; chromosome 15:NC_019873.1/DG000015.5; chromosome 16:NC_019874.1/DG000016.5; chromosome 17:NC_019875.1/DG000017.5; chromosome 18:NC_019876.1/DG000018.5; chromosome 19:NC_019877.1/DG000019.5; chromosome 20:NC_019878.1/DG000020.5; chromosome 21:NC_019879.1/DG000021.5; chromosome 22:NC_019880.1/DG000022.5; chromosome 23:NC_019881.1/DG000023.5; chromosome 24:NC_019882.1/DG000024.5; mitochondrion MT:NC_004387.1/AP004421.1,BAAF04,7307,26074,34487,10/18/06,3/5/15
Anolis carolinensis,,SAMN02981230 ,PRJNA18787,Reptiles,1799.14,40.8238,GCA_000090745.2 ,chromosome 1:NC_014776.1/CM000937.1; chromosome 2:NC_014777.1/CM000938.1; chromosome 3:NC_014778.1/CM000939.1; chromosome 4:NC_014779.1/CM000940.1; chromosome 5:NC_014780.1/CM000941.1; chromosome 6:NC_014781.1/CM000942.1; linkage group a:NC_014782.1/CM000943.1; linkage group b:NC_014783.1/CM000944.1; linkage group c:NC_014784.1/CM000945.1; linkage group d:NC_014785.1/CM000946.1; linkage group f:NC_014786.1/CM000947.1; linkage group g:NC_014787.1/CM000948.1; linkage group h:NC_014788.1/CM000949.1; mitochondrion MT:NC_010972.2/EU747728.2,AAWZ02,6646,21624,32243,2/15/07,8/11/14
Macaca fascicularis,,SAMN00811240 ,PRJNA20409,Mammals,2946.84,41.3398,GCA_000364345.1 ,chromosome 1:NC_022272.1/CM001919.1; chromosome 2:NC_022273.1/CM001920.1; chromosome 3:NC_022274.1/CM001921.1; chromosome 4:NC_022275.1/CM001922.1; chromosome 5:NC_022276.1/CM001923.1; chromosome 6:NC_022277.1/CM001924.1; chromosome 7:NC_022278.1/CM001925.1; chromosome 8:NC_022279.1/CM001926.1; chromosome 9:NC_022280.1/CM001927.1; chromosome 10:NC_022281.1/CM001928.1; chromosome 11:NC_022282.1/CM001929.1; chromosome 12:NC_022283.1/CM001930.1; chromosome 13:NC_022284.1/CM001931.1; chromosome 14:NC_022285.1/CM001932.1; chromosome 15:NC_022286.1/CM001933.1; chromosome 16:NC_022287.1/CM001934.1; chromosome 17:NC_022288.1/CM001935.1; chromosome 18:NC_022289.1/CM001936.1; chromosome 19:NC_022290.1/CM001937.1; chromosome 20:NC_022291.1/CM001938.1; chromosome X:NC_022292.1/CM001939.1; mitochondrion MT:NC_012670.1/FJ906803.1,AQIA01,7625,33107,62703,5/20/13,6/12/13
Gorilla gorilla gorilla,,-,PRJEA31265,Mammals,3035.66,41.1641,GCA_000151905.1 ,chromosome 1:NC_018424.1/FR853080.1; chromosome 2A:NC_018425.1/FR853094.1; chromosome 2B:NC_018426.1/FR853095.1; chromosome 3:NC_018427.1/FR853096.1; chromosome 4:NC_018428.1/FR853097.1; chromosome 5:NC_018429.1/FR853098.2; chromosome 6:NC_018430.1/FR853099.1; chromosome 7:NC_018431.1/FR853100.1; chromosome 8:NC_018432.1/FR853101.1; chromosome 9:NC_018433.1/FR853102.1; chromosome 10:NC_018434.1/FR853081.1; chromosome 11:NC_018435.1/FR853082.1; chromosome 12:NC_018436.1/FR853083.1; chromosome 13:NC_018437.1/FR853084.1; chromosome 14:NC_018438.1/FR853085.1; chromosome 15:NC_018439.1/FR853086.1; chromosome 16:NC_018440.1/FR853087.1; chromosome 17:NC_018441.1/FR853088.2; chromosome 18:NC_018442.1/FR853089.1; chromosome 19:NC_018443.1/FR853090.1; chromosome 20:NC_018444.1/FR853091.1; chromosome 21:NC_018445.1/FR853092.1; chromosome 22:NC_018446.1/FR853093.1; chromosome X:NC_018447.1/FR853103.1; mitochondrion MT:NC_011120.1/X93347.1,CABD02,57197,31329,33704,10/19/08,12/6/12
Nothobranchius furzeri,GRZ,SAMEA2698544 ,PRJEB5837,Fishes,1242.5,44.8105,GCA_001465895.2 ,chromosome sgr01:LN609383.1; chromosome sgr02:LN609382.1; chromosome sgr03:LN609391.1; chromosome sgr04:LN609393.1; chromosome sgr05:LN609377.1; chromosome sgr06:LN609381.1; chromosome sgr07:LN609387.1; chromosome sgr08:LN609384.1; chromosome sgr09:LN609379.1; chromosome sgr10:LN609385.1; chromosome sgr11:LN609378.1; chromosome sgr12:LN609394.1; chromosome sgr13:LN609389.1; chromosome sgr14:LN609392.1; chromosome sgr15:LN609388.1; chromosome sgr16:LN609380.1; chromosome sgr17:LN609395.1; chromosome sgr18:LN609386.1; chromosome sgr19:LN609390.1,CCSH01,6012,-,-,12/1/15,12/1/15
Bombus terrestris,,SAMN00009041 ,PRJNA45869,Insects,248.654,38.0986,GCA_000214255.1 ,linkage group LG B01:NC_015762.1/CM001169.1; linkage group LG B02:NC_015763.1/CM001170.1; linkage group LG B03:NC_015764.1/CM001171.1; linkage group LG B04:NC_015765.1/CM001172.1; linkage group LG B05:NC_015766.1/CM001173.1; linkage group LG B06:NC_015767.1/CM001174.1; linkage group LG B07:NC_015768.1/CM001175.1; linkage group LG B08:NC_015769.1/CM001176.1; linkage group LG B09:NC_015770.1/CM001177.1; linkage group LG B10:NC_015771.1/CM001178.1; linkage group LG B11:NC_015772.1/CM001179.1; linkage group LG B12:NC_015773.1/CM001180.1; linkage group LG B13:NC_015774.1/CM001181.1; linkage group LG B14:NC_015775.1/CM001182.1; linkage group LG B15:NC_015776.1/CM001183.1; linkage group LG B16:NC_015777.1/CM001184.1; linkage group LG B17:NC_015778.1/CM001185.1; linkage group LG B18:NC_015779.1/CM001186.1,AELG01,5678,11188,20321,6/3/11,4/17/15
Bos indicus,,SAMN02953802 ,PRJNA72827,Mammals,2673.95,42.3028,GCA_000247795.2 ,chromosome 1:CM003021.1; chromosome 2:CM003022.1; chromosome 3:CM003023.1; chromosome 4:CM003024.1; chromosome 5:CM003025.1; chromosome 6:CM003026.1; chromosome 7:CM003027.1; chromosome 8:CM003028.1; chromosome 9:CM003029.1; chromosome 10:CM003030.1; chromosome 11:CM003031.1; chromosome 12:CM003032.1; chromosome 13:CM003033.1; chromosome 14:CM003034.1; chromosome 15:CM003035.1; chromosome 16:CM003036.1; chromosome 17:CM003037.1; chromosome 18:CM003038.1; chromosome 19:CM003039.1; chromosome 20:CM003040.1; chromosome 21:CM003041.1; chromosome 22:CM003042.1; chromosome 23:CM003043.1; chromosome 24:CM003044.1; chromosome 25:CM003045.1; chromosome 26:CM003046.1; chromosome 27:CM003047.1; chromosome 28:CM003048.1; chromosome 29:CM003049.1; chromosome X:CM003050.1; chromosome Y:CM003051.1,AGFL01,31,-,-,2/16/12,11/25/14
Strongyloides ratti,ED321 Heterogonic,SAMEA1682816 ,PRJEB125,Roundworms,43.1502,21.5777,GCA_001040885.1 ,chromosome 1:LN609528.1; chromosome 2:LN609529.1; chromosome X:LN609530.1,-,135,12451,12450,9/18/14,11/19/15
Nasalis larvatus,,SAMN02689222 ,PRJNA241312,Mammals,3011.97,42.2536,GCA_000772465.1 ,chromosome align_Mm1:CM002998.1; chromosome align_Mm10:CM002999.1; chromosome align_Mm11:CM003000.1; chromosome align_Mm12:CM003001.1; chromosome align_Mm13:CM003002.1; chromosome align_Mm14:CM003003.1; chromosome align_Mm15:CM003004.1; chromosome align_Mm16:CM003005.1; chromosome align_Mm17:CM003006.1; chromosome align_Mm18:CM003007.1; chromosome align_Mm19:CM003008.1; chromosome align_Mm2:CM003009.1; chromosome align_Mm20:CM003010.1; chromosome align_Mm3:CM003011.1; chromosome align_Mm4:CM003012.1; chromosome align_Mm5:CM003013.1; chromosome align_Mm6:CM003014.1; chromosome align_Mm7:CM003015.1; chromosome align_Mm8:CM003016.1; chromosome align_Mm9:CM003017.1; chromosome align_MmX:CM003018.1,JMHX01,319549,-,-,10/30/14,11/10/14
Lepisosteus oculatus,,SAMN00706774 ,PRJNA68247,Fishes,945.878,40.4083,GCA_000242695.1 ,linkage group LG1:NC_023179.1/CM001404.1; linkage group LG2:NC_023180.1/CM001405.1; linkage group LG3:NC_023181.1/CM001406.1; linkage group LG4:NC_023182.1/CM001407.1; linkage group LG5:NC_023183.1/CM001408.1; linkage group LG6:NC_023184.1/CM001409.1; linkage group LG7:NC_023185.1/CM001410.1; linkage group LG8:NC_023186.1/CM001411.1; linkage group LG9:NC_023187.1/CM001412.1; linkage group LG10:NC_023188.1/CM001413.1; linkage group LG11:NC_023189.1/CM001414.1; linkage group LG12:NC_023190.1/CM001415.1; linkage group LG13:NC_023191.1/CM001416.1; linkage group LG14:NC_023192.1/CM001417.1; linkage group LG15:NC_023193.1/CM001418.1; linkage group LG16:NC_023194.1/CM001419.1; linkage group LG17:NC_023195.1/CM001420.1; linkage group LG18:NC_023196.1/CM001421.1; linkage group LG19:NC_023197.1/CM001422.1; linkage group LG20:NC_023198.1/CM001423.1; linkage group LG21:NC_023199.1/CM001424.1; linkage group LG22:NC_023200.1/CM001425.1; linkage group LG23:NC_023201.1/CM001426.1; linkage group LG24:NC_023202.1/CM001427.1; linkage group LG25:NC_023203.1/CM001428.1; linkage group LG26:NC_023204.1/CM001429.1; linkage group LG27:NC_023205.1/CM001430.1; linkage group LG28:NC_023206.1/CM001431.1; linkage group LG29:NC_023207.1/CM001432.1; mitochondrion MT:NC_004744.1/AB042861.1,AHAT01,2106,21770,41647,12/16/11,11/1/13
Pan paniscus,,SAMEA1029457 ,PRJNA49285,Mammals,3286.64,42.107,GCA_000258655.2 ,chromosome 1:NC_027868.1/CM003383.1; chromosome 2A:NC_027869.1/CM003384.1; chromosome 2B:NC_027870.1/CM003385.1; chromosome 3:NC_027871.1/CM003386.1; chromosome 4:NC_027872.1/CM003387.1; chromosome 5:NC_027873.1/CM003388.1; chromosome 6:NC_027874.1/CM003389.1; chromosome 7:NC_027875.1/CM003390.1; chromosome 8:NC_027876.1/CM003391.1; chromosome 9:NC_027877.1/CM003392.1; chromosome 10:NC_027878.1/CM003393.1; chromosome 11:NC_027879.1/CM003394.1; chromosome 12:NC_027880.1/CM003395.1; chromosome 13:NC_027881.1/CM003396.1; chromosome 14:NC_027882.1/CM003397.1; chromosome 15:NC_027883.1/CM003398.1; chromosome 16:NC_027884.1/CM003399.1; chromosome 17:NC_027885.1/CM003400.1; chromosome 18:NC_027886.1/CM003401.1; chromosome 19:NC_027887.1/CM003402.1; chromosome 20:NC_027888.1/CM003403.1; chromosome 21:NC_027889.1/CM003404.1; chromosome 22:NC_027890.1/CM003405.1; chromosome X:NC_027891.1/CM003406.1; mitochondrion MT:KT153251.1; mitochondrion MT:NC_001644.1/D38116.1,AJFE02,10984,95,15,3/30/12,8/18/15
Capra hircus,,SAMN02953816 ,PRJNA158393,Mammals,2635.85,42.1792,GCA_000317765.1 ,chromosome 1:NC_022293.1/CM001710.1; chromosome 2:NC_022294.1/CM001711.1; chromosome 3:NC_022295.1/CM001712.1; chromosome 4:NC_022296.1/CM001713.1; chromosome 5:NC_022297.1/CM001714.1; chromosome 6:NC_022298.1/CM001715.1; chromosome 7:NC_022299.1/CM001716.1; chromosome 8:NC_022300.1/CM001717.1; chromosome 9:NC_022301.1/CM001718.1; chromosome 10:NC_022302.1/CM001719.1; chromosome 11:NC_022303.1/CM001720.1; chromosome 12:NC_022304.1/CM001721.1; chromosome 13:NC_022305.1/CM001722.1; chromosome 14:NC_022306.1/CM001723.1; chromosome 15:NC_022307.1/CM001724.1; chromosome 16:NC_022308.1/CM001725.1; chromosome 17:NC_022309.1/CM001726.1; chromosome 18:NC_022310.1/CM001727.1; chromosome 19:NC_022311.1/CM001728.1; chromosome 20:NC_022312.1/CM001729.1; chromosome 21:NC_022313.1/CM001730.1; chromosome 22:NC_022314.1/CM001731.1; chromosome 23:NC_022315.1/CM001732.1; chromosome 24:NC_022316.1/CM001733.1; chromosome 25:NC_022317.1/CM001734.1; chromosome 26:NC_022318.1/CM001735.1; chromosome 27:NC_022319.1/CM001736.1; chromosome 28:NC_022320.1/CM001737.1; chromosome 29:NC_022321.1/CM001738.1; chromosome X:NC_022322.1/CM001739.1; mitochondrion MT:NC_005044.2/GU295658.1,AJPT01,77432,26912,30164,12/6/12,9/10/15
Microtus ochrogaster,,SAMN00727831 ,PRJNA72443,Mammals,2287.34,42.8312,GCA_000317375.1 ,chromosome 1:NC_022009.1/CM001672.1; chromosome 2:NC_022010.1/CM001673.1; chromosome 4:NC_022011.1/CM001674.1; chromosome 5:NC_022012.1/CM001675.1; chromosome 6:NC_022013.1/CM001676.1; chromosome 7:NC_022014.1/CM001677.1; chromosome 8:NC_022015.1/CM001678.1; chromosome 10:NC_022016.1/CM001679.1; chromosome 15:NC_022017.1/CM001680.1; chromosome 16:NC_022018.1/CM001681.1; chromosome 17:NC_022019.1/CM001682.1; chromosome 18:NC_022020.1/CM001683.1; chromosome 19:NC_022021.1/CM001684.1; chromosome 21:NC_022022.1/CM001685.1; chromosome 22:NC_022023.1/CM001686.1; chromosome 24:NC_022024.1/CM001687.1; chromosome 26:NC_022025.1/CM001688.1; chromosome X:NC_022026.1/CM001689.1; linkage group LG1:NC_022027.1/CM001690.1; linkage group LG2:NC_022028.1/CM001691.1; linkage group LG3:NC_022029.1/CM001692.1; linkage group LG4:NC_022030.1/CM001693.1; linkage group LG5:NC_022031.1/CM001694.1; linkage group LG7_11:NC_022032.1/CM001695.1; linkage group LG8:NC_022033.1/CM001696.1; linkage group LG9:NC_022034.1/CM001697.1; linkage group LG10:NC_022035.1/CM001698.1; linkage group LG12:NC_022036.1/CM001699.1,AHZW01,6450,24260,30752,12/3/12,11/1/13
Drosophila miranda,MSH22,SAMN02953815 ,PRJNA77213,Insects,136.729,44.996,GCA_000269505.2 ,chromosome XL:CM001516.2; chromosome XR:CM001517.2; chromosome 2:CM001518.2; chromosome 3:CM001519.2; chromosome 4:CM001520.2; chromosome 5:CM001521.2,AJMI02,6,-,-,6/12/12,8/6/14
Cynoglossus semilaevis,,SAMN02595200 ,PRJNA73987,Fishes,470.199,41.2788,GCA_000523025.1 ,chromosome 1:NC_024307.1/CM002373.1; chromosome 2:NC_024308.1/CM002374.1; chromosome 3:NC_024309.1/CM002375.1; chromosome 4:NC_024310.1/CM002376.1; chromosome 5:NC_024311.1/CM002377.1; chromosome 6:NC_024312.1/CM002378.1; chromosome 7:NC_024313.1/CM002379.1; chromosome 8:NC_024314.1/CM002380.1; chromosome 9:NC_024315.1/CM002381.1; chromosome 10:NC_024316.1/CM002382.1; chromosome 11:NC_024317.1/CM002383.1; chromosome 12:NC_024318.1/CM002384.1; chromosome 13:NC_024319.1/CM002385.1; chromosome 14:NC_024320.1/CM002386.1; chromosome 15:NC_024321.1/CM002387.1; chromosome 16:NC_024322.1/CM002388.1; chromosome 17:NC_024323.1/CM002389.1; chromosome 18:NC_024324.1/CM002390.1; chromosome 19:NC_024325.1/CM002391.1; chromosome 20:NC_024326.1/CM002392.1; chromosome W:NC_024327.1/CM002393.1; chromosome Z:NC_024328.1/CM002394.1; mitochondrion MT:NC_012825.1/EU366230.1,AGRG01,31181,24079,31632,1/24/14,1/28/14
Ficedula albicollis,,SAMN02981387 ,PRJNA75089,Birds,1118.34,44.2999,GCA_000247815.2 ,chromosome 1:NC_021671.1/CM001988.1; chromosome 1A:NC_021672.1/CM001989.1; chromosome 2:NC_021673.1/CM001990.1; chromosome 3:NC_021674.1/CM001991.1; chromosome 4:NC_021675.1/CM001992.1; chromosome 4A:NC_021676.1/CM001993.1; chromosome 5:NC_021677.1/CM001994.1; chromosome 6:NC_021678.1/CM001995.1; chromosome 7:NC_021679.1/CM001996.1; chromosome 8:NC_021680.1/CM001997.1; chromosome 9:NC_021681.1/CM001998.1; chromosome 10:NC_021682.1/CM001999.1; chromosome 11:NC_021683.1/CM002000.1; chromosome 12:NC_021684.1/CM002001.1; chromosome 13:NC_021685.1/CM002002.1; chromosome 14:NC_021686.1/CM002003.1; chromosome 15:NC_021687.1/CM002004.1; chromosome 17:NC_021688.1/CM002005.1; chromosome 18:NC_021689.1/CM002006.1; chromosome 19:NC_021690.1/CM002007.1; chromosome 20:NC_021691.1/CM002008.1; chromosome 21:NC_021692.1/CM002009.1; chromosome 22:NC_021693.1/CM002010.1; chromosome 23:NC_021694.1/CM002011.1; chromosome 24:NC_021695.1/CM002012.1; chromosome 25:NC_021696.1/CM002013.1; chromosome 26:NC_021697.1/CM002014.1; chromosome 27:NC_021698.1/CM002015.1; chromosome 28:NC_021699.1/CM002016.1; chromosome Z:NC_021700.1/CM002017.1; linkage group LG34:NC_021701.1/CM002018.1; linkage group LG35:NC_021702.1/CM002019.1; linkage group LGE22:NC_021703.1/CM002020.1; mitochondrion MT:NC_021621.1/KF293721.1,AGTO02,21836,16778,26090,11/30/12,8/11/14
Chrysemys picta bellii,,SAMN02713681 ,PRJNA78657,Reptiles,2365.77,44.564,GCA_000241765.2 ,chromosome 1:NC_024218.1/CM002655.1; chromosome 2:NC_024219.1/CM002656.1; chromosome 3:NC_024220.1/CM002657.1; chromosome 4:NC_024221.1/CM002658.1; chromosome 5:NC_024222.1/CM002659.1; chromosome 6:NC_024223.1/CM002660.1; chromosome 7:NC_024224.1/CM002661.1; chromosome 8:NC_024225.1/CM002662.1; chromosome 10:NC_024226.1/CM002663.1; chromosome 11:NC_024227.1/CM002664.1; chromosome 13:NC_024228.1/CM002665.1; chromosome 15:NC_024229.1/CM002666.1; chromosome 17:NC_024230.1/CM002667.1; chromosome 19:NC_024231.1/CM002668.1; chromosome 21:NC_024232.1/CM002669.1; chromosome 22:NC_024233.1/CM002670.1; chromosome 24:NC_024234.1/CM002671.1; chromosome 25:NC_024235.1/CM002672.1; mitochondrion MT:NC_023890.1/KF874616.1,AHGY02,78631,24356,42558,3/31/14,3/23/15
Parus major,,SAMN03083587 ,PRJNA208335,Birds,1020.31,41.4159,GCA_001522545.1 ,chromosome 1:NC_029268.1/CM003709.1; chromosome 1:NW_015379229.1/CM003709.1; chromosome 2:NW_015379230.1/CM003710.1; chromosome 2:NC_029269.1/CM003710.1; chromosome 3:NC_029270.1/CM003711.1; chromosome 3:NW_015379231.1/CM003711.1; chromosome 4:NW_015379232.1/CM003712.1; chromosome 4:NC_029271.1/CM003712.1; chromosome 4A:NW_015379233.1/CM003713.1; chromosome 4A:NC_029272.1/CM003713.1; chromosome 1A:NC_029273.1/CM003714.1; chromosome 1A:NW_015379234.1/CM003714.1; chromosome 5:NW_015379235.1/CM003715.1; chromosome 5:NC_029274.1/CM003715.1; chromosome 6:NW_015379236.1/CM003716.1; chromosome 6:NC_029275.1/CM003716.1; chromosome 7:NW_015379237.1/CM003717.1; chromosome 7:NC_029276.1/CM003717.1; chromosome 8:NC_029277.1/CM003718.1; chromosome 8:NW_015379238.1/CM003718.1; chromosome 9:NC_029278.1/CM003719.1; chromosome 9:NW_015379239.1/CM003719.1; chromosome 10:NC_029279.1/CM003720.1; chromosome 10:NW_015379240.1/CM003720.1; chromosome 11:NC_029280.1/CM003721.1; chromosome 11:NW_015379241.1/CM003721.1; chromosome 12:NC_029281.1/CM003722.1; chromosome 12:NW_015379242.1/CM003722.1; chromosome 13:NC_029282.1/CM003723.1; chromosome 13:NW_015379243.1/CM003723.1; chromosome 14:NC_029283.1/CM003724.1; chromosome 14:NW_015379244.1/CM003724.1; chromosome 15:NC_029284.1/CM003725.1; chromosome 15:NW_015379245.1/CM003725.1; chromosome 17:NC_029285.1/CM003726.1; chromosome 17:NW_015379246.1/CM003726.1; chromosome 18:NW_015379247.1/CM003727.1; chromosome 18:NC_029286.1/CM003727.1; chromosome 19:NW_015379248.1/CM003728.1; chromosome 19:NC_029287.1/CM003728.1; chromosome 20:NC_029288.1/CM003729.1; chromosome 20:NW_015379249.1/CM003729.1; chromosome 21:NW_015379250.1/CM003730.1; chromosome 21:NC_029289.1/CM003730.1; chromosome 22:NC_029290.1/CM003731.1; chromosome 22:NW_015379251.1/CM003731.1; chromosome 23:NC_029291.1/CM003732.1; chromosome 23:NW_015379252.1/CM003732.1; chromosome 24:NW_015379253.1/CM003733.1; chromosome 24:NC_029292.1/CM003733.1; chromosome 25LG1:NC_029293.1/CM003734.1; chromosome 25LG1:NW_015379254.1/CM003734.1; chromosome 25LG2:NW_015379255.1/CM003735.1; chromosome 25LG2:NC_029294.1/CM003735.1; chromosome 26:NC_029295.1/CM003736.1; chromosome 26:NW_015379256.1/CM003736.1; chromosome 27:NW_015379257.1/CM003737.1; chromosome 27:NC_029296.1/CM003737.1; chromosome 28:NC_029297.1/CM003738.1; chromosome 28:NW_015379258.1/CM003738.1; chromosome LGE22:NW_015379259.1/CM003739.1; chromosome LGE22:NC_029298.1/CM003739.1; chromosome Z:NW_015379260.1/CM003740.1; chromosome Z:NC_029299.1/CM003740.1; mitochondrion MT:NC_026293.1/KP137624.1,JRXK01,1676,35872,76327,1/20/16,2/2/16
Chlorocebus sabaeus,,SAMN01760484 ,PRJNA168621,Mammals,2789.66,40.9303,GCA_000409795.2 ,chromosome 1:NC_023642.1/CM001941.2; chromosome 2:NC_023643.1/CM001942.1; chromosome 3:NC_023644.1/CM001943.2; chromosome 4:NC_023645.1/CM001944.2; chromosome 5:NC_023646.1/CM001945.1; chromosome 6:NC_023647.1/CM001946.1; chromosome 7:NC_023648.1/CM001947.1; chromosome 8:NC_023649.1/CM001948.2; chromosome 9:NC_023650.1/CM001949.2; chromosome 10:NC_023651.1/CM001950.2; chromosome 11:NC_023652.1/CM001952.2; chromosome 12:NC_023653.1/CM001953.2; chromosome 13:NC_023654.1/CM001954.1; chromosome 14:NC_023655.1/CM001955.2; chromosome 15:NC_023656.1/CM001956.2; chromosome 16:NC_023657.1/CM001957.1; chromosome 17:NC_023658.1/CM001958.2; chromosome 18:NC_023659.1/CM001959.2; chromosome 19:NC_023660.1/CM001960.2; chromosome 20:NC_023661.1/CM001961.2; chromosome 21:NC_023662.1/CM001962.2; chromosome 22:NC_023663.1/CM001963.2; chromosome 23:NC_023664.1/CM001964.1; chromosome 24:NC_023665.1/CM001965.2; chromosome 25:NC_023666.1/CM001966.2; chromosome 26:NC_023667.1/CM001967.1; chromosome 27:NC_023668.1/CM001968.1; chromosome 28:NC_023669.1/CM001969.1; chromosome 29:NC_023670.1/CM001970.2; chromosome X:NC_023671.1/CM001951.2; chromosome Y:NC_023672.1/CM001940.1; mitochondrion MT:NC_008066.1/DQ069713.1,AQIB01,2022,35027,61803,5/17/13,3/25/14
Esox lucius,,SAMN02439989 ,PRJNA221548,Fishes,904.453,42.1896,GCA_000721915.2 ,linkage group LG01:NC_025968.2/CM002826.2; linkage group LG02:NC_025969.2/CM002827.2; linkage group LG03:NC_025970.2/CM002828.2; linkage group LG04:NC_025971.2/CM002829.2; linkage group LG05:NC_025972.2/CM002830.2; linkage group LG06:NC_025973.2/CM002831.2; linkage group LG07:NC_025974.2/CM002832.2; linkage group LG08:NC_025975.2/CM002833.2; linkage group LG09:NC_025976.2/CM002834.2; linkage group LG10:NC_025977.2/CM002835.2; linkage group LG11:NC_025978.2/CM002836.2; linkage group LG12:NC_025979.2/CM002837.2; linkage group LG13:NC_025980.2/CM002838.2; linkage group LG14:NC_025981.2/CM002839.2; linkage group LG15:NC_025982.2/CM002840.2; linkage group LG16:NC_025983.2/CM002841.2; linkage group LG17:NC_025984.2/CM002842.2; linkage group LG18:NC_025985.2/CM002843.2; linkage group LG19:NC_025986.2/CM002844.2; linkage group LG20:NC_025987.2/CM002845.2; linkage group LG21:NC_025988.2/CM002846.2; linkage group LG22:NC_025989.2/CM002847.2; linkage group LG23:NC_025990.2/CM002848.2; linkage group LG24:NC_025991.2/CM002849.2; linkage group LG25:NC_025992.2/CM002850.2; mitochondrion MT:NC_004593.1/AP004103.1,AZJR02,1709,26012,43433,6/26/14,6/9/15
Poecilia reticulata,Guanapo,SAMN02404645 ,PRJNA238429,Fishes,731.622,40.2816,GCA_000633615.2 ,linkage group LG1:NC_024331.1/CM002706.1; linkage group LG2:NC_024332.1/CM002707.1; linkage group LG3:NC_024333.1/CM002708.1; linkage group LG4:NC_024334.1/CM002709.1; linkage group LG5:NC_024335.1/CM002710.1; linkage group LG6:NC_024336.1/CM002711.1; linkage group LG7:NC_024337.1/CM002712.1; linkage group LG8:NC_024338.1/CM002713.1; linkage group LG9:NC_024339.1/CM002714.1; linkage group LG10:NC_024340.1/CM002715.1; linkage group LG11:NC_024341.1/CM002716.1; linkage group LG12:NC_024342.1/CM002717.1; linkage group LG13:NC_024343.1/CM002718.1; linkage group LG14:NC_024344.1/CM002719.1; linkage group LG15:NC_024345.1/CM002720.1; linkage group LG16:NC_024346.1/CM002721.1; linkage group LG17:NC_024347.1/CM002722.1; linkage group LG18:NC_024348.1/CM002723.1; linkage group LG19:NC_024349.1/CM002724.1; linkage group LG20:NC_024350.1/CM002725.1; linkage group LG21:NC_024351.1/CM002726.1; linkage group LG22:NC_024352.1/CM002727.1; linkage group LG23:NC_024353.1/CM002728.1; mitochondrion MT:NC_024238.1/KJ460033.1,AZHG01,3029,26235,42641,4/17/14,6/24/14
Capra aegagrus,,SAMN03282421 ,PRJNA261263,Mammals,2828.87,42.4124,GCA_000978405.1 ,chromosome 1:CM003214.1; chromosome 2:CM003215.1; chromosome 3:CM003216.1; chromosome 4:CM003217.1; chromosome 5:CM003218.1; chromosome 6:CM003219.1; chromosome 7:CM003220.1; chromosome 8:CM003221.1; chromosome 9:CM003222.1; chromosome 10:CM003223.1; chromosome 11:CM003225.1; chromosome 12:CM003226.1; chromosome 13:CM003227.1; chromosome 14:CM003228.1; chromosome 15:CM003229.1; chromosome 16:CM003230.1; chromosome 17:CM003231.1; chromosome 18:CM003232.1; chromosome 19:CM003233.1; chromosome 20:CM003234.1; chromosome 21:CM003235.1; chromosome 22:CM003236.1; chromosome 23:CM003237.1; chromosome 24:CM003238.1; chromosome 25:CM003239.1; chromosome 26:CM003240.1; chromosome 27:CM003241.1; chromosome 28:CM003242.1; chromosome 29:CM003243.1; chromosome X:CM003224.1; chromosome Y:CM003213.1,JXYW01,89498,-,-,4/21/15,4/24/15
Macaca fascicularis,,SAMEA2272428 ,PRJEA48347,Mammals,2878.47,41.2655,GCA_000222185.1 ,chromosome 1:FR874244.1; chromosome 2:FR874245.1; chromosome 3:FR874246.1; chromosome 4:FR874247.1; chromosome 5:FR874248.1; chromosome 6:FR874249.1; chromosome 7:FR874250.1; chromosome 8:FR874251.1; chromosome 9:FR874252.1; chromosome 10:FR874253.1; chromosome 11:FR874254.1; chromosome 12:FR874255.1; chromosome 13:FR874256.1; chromosome 14:FR874257.1; chromosome 15:FR874258.1; chromosome 16:FR874259.1; chromosome 17:FR874260.1; chromosome 18:FR874261.1; chromosome 19:FR874262.1; chromosome 20:FR874263.1; chromosome X:FR874264.1,CAEC01,21,-,-,7/21/11,10/7/11
Macaca mulatta,,SAMN02981228 ,PRJNA12537,Mammals,3097.39,38.0269,GCA_000002255.2 ,chromosome 1:CM000308.1; chromosome 2:CM000288.1; chromosome 3:CM000289.1; chromosome 4:CM000290.1; chromosome 5:CM000291.1; chromosome 6:CM000292.1; chromosome 7:CM000293.1; chromosome 8:CM000294.1; chromosome 9:CM000295.1; chromosome 10:CM000296.1; chromosome 11:CM000297.1; chromosome 12:CM000298.1; chromosome 13:CM000299.1; chromosome 14:CM000300.1; chromosome 15:CM000301.1; chromosome 16:CM000302.1; chromosome 17:CM000303.1; chromosome 18:CM000304.1; chromosome 19:CM000305.1; chromosome 20:CM000306.1; chromosome X:CM000307.1,AANU01,124036,-,-,2/8/06,3/23/15
Drosophila simulans,white501,SAMN02953618 ,PRJNA12464,Insects,141.126,43.0472,GCA_000259045.1 ,chromosome 2L:CM000163.1; chromosome 2R:CM000164.1; chromosome 3L:CM000165.1; chromosome 3R:CM000166.1; chromosome 4:CM000167.1; chromosome X:CM000168.1,AAGH01,11605,-,-,3/23/05,8/6/14
Ovis aries,,SAMN03004385 ,PRJNA33937,Mammals,2860.5,46.3194,GCA_000005525.1 ,chromosome 1:CM000885.1; chromosome 2:CM000886.1; chromosome 3:CM000887.1; chromosome 4:CM000888.1; chromosome 5:CM000889.1; chromosome 6:CM000890.1; chromosome 7:CM000891.1; chromosome 8:CM000892.1; chromosome 9:CM000893.1; chromosome 10:CM000894.1; chromosome 11:CM000895.1; chromosome 12:CM000896.1; chromosome 13:CM000897.1; chromosome 14:CM000898.1; chromosome 15:CM000899.1; chromosome 16:CM000900.1; chromosome 17:CM000901.1; chromosome 18:CM000902.1; chromosome 19:CM000903.1; chromosome 20:CM000904.1; chromosome 21:CM000905.1; chromosome 22:CM000906.1; chromosome 23:CM000907.1; chromosome 24:CM000908.1; chromosome 25:CM000909.1; chromosome 26:CM000910.1; chromosome X:CM000911.1,ACIV01,1331,-,-,2/9/10,8/26/14
Bos taurus,,SAMN02898106 ,PRJNA12555,Mammals,2724.98,41.8685,GCA_000003205.6 ,chromosome 1:NC_007299.6/CM000177.6; chromosome 2:NC_007300.6/CM000178.7; chromosome 3:NC_007301.6/CM000179.6; chromosome 4:NC_007302.6/CM000180.6; chromosome 5:NC_007303.6/CM000181.7; chromosome 6:NC_007304.6/CM000182.7; chromosome 7:NC_007305.6/CM000183.7; chromosome 8:NC_007306.6/CM000184.6; chromosome 9:NC_007307.6/CM000185.7; chromosome 10:NC_007308.6/CM000186.6; chromosome 11:NC_007309.6/CM000187.6; chromosome 12:NC_007310.6/CM000188.7; chromosome 13:NC_007311.6/CM000189.7; chromosome 14:NC_007312.6/CM000190.6; chromosome 15:NC_007313.6/CM000191.7; chromosome 16:NC_007314.5/CM000192.5; chromosome 17:NC_007315.6/CM000193.6; chromosome 18:NC_007316.6/CM000194.7; chromosome 19:NC_007317.6/CM000195.6; chromosome 20:NC_007318.6/CM000196.6; chromosome 21:NC_007319.6/CM000197.6; chromosome 22:NC_007320.6/CM000198.6; chromosome 23:NC_007324.6/CM000199.8; chromosome 24:NC_007325.6/CM000200.7; chromosome 25:NC_007326.6/CM000201.6; chromosome 26:NC_007327.6/CM000202.7; chromosome 27:NC_007328.5/CM000203.6; chromosome 28:NC_007329.6/CM000204.6; chromosome 29:NC_007330.6/CM000205.6; chromosome X:NC_007331.5/CM000206.6; chromosome Y:NC_016145.1/CM001061.2,AAFC05,5998,32776,28999,10/1/04,11/19/15
Felis catus,,SAMN03000705 ,PRJNA32759,Mammals,3160.29,45.3104,GCA_000003115.1 ,chromosome A1:CM000695.1; chromosome A2:CM000696.1; chromosome A3:CM000697.1; chromosome B1:CM000698.1; chromosome B2:CM000699.1; chromosome B3:CM000700.1; chromosome B4:CM000701.1; chromosome C1:CM000702.1; chromosome C2:CM000703.1; chromosome D1:CM000704.1; chromosome D2:CM000705.1; chromosome D3:CM000706.1; chromosome D4:CM000707.1; chromosome E1:CM000708.1; chromosome E2:CM000709.1; chromosome E3:CM000710.1; chromosome F1:CM000711.1; chromosome F2:CM000712.1; chromosome X:CM000713.1,ACBE01,104434,-,-,1/14/09,8/21/14
Rattus norvegicus,BN; Sprague-Dawley,SAMN03000701 ,PRJNA13999,Mammals,2616.42,42.3564,GCF_000002265.2 ,chromosome 1:AC_000069.1/CM000231.2; chromosome 2:AC_000070.1/CM000232.2; chromosome 3:AC_000071.1/CM000233.2; chromosome 4:AC_000072.1/CM000234.2; chromosome 5:AC_000073.1/CM000235.2; chromosome 6:AC_000074.1/CM000236.2; chromosome 7:AC_000075.1/CM000237.2; chromosome 8:AC_000076.1/CM000238.2; chromosome 9:AC_000077.1/CM000239.2; chromosome 10:AC_000078.1/CM000240.1; chromosome 11:AC_000079.1/CM000241.2; chromosome 12:AC_000080.1/CM000242.1; chromosome 13:AC_000081.1/CM000243.2; chromosome 14:AC_000082.1/; chromosome 15:AC_000083.1/CM000245.1; chromosome 16:AC_000084.1/CM000246.2; chromosome 17:AC_000085.1/CM000247.2; chromosome 18:AC_000086.1/CM000248.2; chromosome 19:AC_000087.1/CM000249.2; chromosome 20:AC_000088.1/CM000250.2; chromosome X:AC_000089.1/CM000251.2,AAHX01,7271,34589,26739,7/8/05,8/7/14
Mus musculus,mixed,SAMN03004379 ,PRJNA11785,Mammals,2775.06,42.5803,GCF_000002165.2 ,chromosome 1:AC_000023.1/; chromosome 2:AC_000024.1/; chromosome 3:AC_000025.1/; chromosome 4:AC_000026.1/; chromosome 5:AC_000027.1/; chromosome 6:AC_000028.1/; chromosome 7:AC_000029.1/; chromosome 8:AC_000030.1/; chromosome 9:AC_000031.1/; chromosome 10:AC_000032.1/; chromosome 11:AC_000033.1/; chromosome 12:AC_000034.1/; chromosome 13:AC_000035.1/; chromosome 14:AC_000036.1/; chromosome 15:AC_000037.1/; chromosome 16:AC_000038.1/; chromosome 17:AC_000039.1/; chromosome 18:AC_000040.1/; chromosome 19:AC_000041.1/; chromosome X:AC_000042.1/; chromosome Y:AC_000043.1/,AAHY01,13033,43359,30240,7/7/05,8/26/14
Caenorhabditis elegans,CB4856,SAMN03334911 ,PRJNA275000,Roundworms,98.3028,35.4305,GCA_000975215.1 ,chromosome I:CM003206.1; chromosome II:CM003207.1; chromosome III:CM003208.1; chromosome IV:CM003209.1; chromosome V:CM003210.1; chromosome X:CM003211.1; mitochondrion MT:CM003212.1,JZEW01,16,-,-,4/21/15,4/21/15
Homo sapiens,,SAMN02981219 ,PRJNA1431,Mammals,2863.65,41.1991,GCA_000002115.2 ,chromosome 1:CH003448.1; chromosome 2:CH003449.1; chromosome 3:CH003450.1; chromosome 4:CH003451.1; chromosome 5:CH003452.1; chromosome 6:CH003453.1; chromosome 7:CH003454.1; chromosome 8:CH003455.1; chromosome 9:CH003456.1; chromosome 10:CH003457.1; chromosome 11:CH003458.1; chromosome 12:CH003459.1; chromosome 13:CH003460.1; chromosome 14:CH003461.1; chromosome 15:CH003462.1; chromosome 16:CH003463.1; chromosome 17:CH003464.1; chromosome 18:CH003465.1; chromosome 19:CH003466.1; chromosome 20:CH003467.1; chromosome 21:CH003468.1; chromosome 22:CH003469.1; chromosome X:CH003470.1; chromosome Y:CH003471.1,AADD01,4940,-,-,2/3/04,8/11/14
Homo sapiens,,SAMN02981236 ,PRJNA19621,Mammals,2844,40.3433,GCA_000002125.2 ,chromosome 1:CM000462.1; chromosome 2:CM000463.1; chromosome 3:CM000464.1; chromosome 4:CM000465.1; chromosome 5:CM000466.1; chromosome 6:CM000467.1; chromosome 7:CM000468.1; chromosome 8:CM000469.1; chromosome 9:CM000470.1; chromosome 10:CM000471.1; chromosome 11:CM000472.1; chromosome 12:CM000473.1; chromosome 13:CM000474.1; chromosome 14:CM000475.1; chromosome 15:CM000476.1; chromosome 16:CM000477.1; chromosome 17:CM000478.1; chromosome 18:CM000479.1; chromosome 19:CM000480.1; chromosome 20:CM000481.1; chromosome 21:CM000482.1; chromosome 22:CM000483.1; chromosome X:CM000484.1; chromosome Y:CM000485.1,ABBA01,4530,-,-,5/22/07,4/25/14
Drosophila simulans,white501,SAMN02953618 ,PRJNA18237,Insects,137.843,42.9158,GCA_000259055.1 ,chromosome 2L:NT_167066.1/CM000361.1; chromosome 2R:NT_167067.1/CM000362.1; chromosome 3L:NT_167068.1/CM000363.1; chromosome 3R:NT_167061.1/CM000364.1; chromosome 4:NC_011088.1/CM000365.1; chromosome X:NC_011089.1/CM000366.1; mitochondrion MT:NC_005781.1/AF200833.1,AAGH01,10601,16011,15428,3/23/05,4/14/10
Macaca mulatta,,SAMN00113489 ,PRJNA51409,Mammals,2969.97,41.8692,GCA_000230795.1 ,chromosome 1:CM001253.1; chromosome 2:CM001254.1; chromosome 3:CM001255.1; chromosome 4:CM001256.1; chromosome 5:CM001257.1; chromosome 6:CM001258.1; chromosome 7:CM001259.1; chromosome 8:CM001260.1; chromosome 9:CM001261.1; chromosome 10:CM001262.1; chromosome 11:CM001263.1; chromosome 12:CM001264.1; chromosome 13:CM001265.1; chromosome 14:CM001266.1; chromosome 15:CM001267.1; chromosome 16:CM001268.1; chromosome 17:CM001269.1; chromosome 18:CM001270.1; chromosome 19:CM001271.1; chromosome 20:CM001272.1; chromosome X:CM001273.1,AEHK01,38224,21524,17802,10/17/11,11/1/13
Macaca fascicularis,,SAMN00116341 ,PRJNA51411,Mammals,3126.56,41.8,GCA_000230815.1 ,-,AEHL01,45468,1792,1537,10/17/11,11/1/13
Drosophila simulans,M252,SAMN02713493 ,PRJNA243121,Insects,121.27,43.4162,GCA_000820565.1 ,chromosome 2L:JMCE01000001.1; chromosome 2R:JMCE01000003.1; chromosome 3L:JMCE01000005.1; chromosome 3R:JMCE01000007.1; chromosome 4:JMCE01000009.1; chromosome X:JMCE01000012.1; mitochondrion MT:JMCE01002948.1,JMCE01,2948,-,-,6/10/14,6/10/14
Homo sapiens,,SAMN02981236 ,PRJNA19621,Mammals,3251.72,40.8848,GCA_000212995.1 ,chromosome 1:CM000491.1; chromosome 2:CM000492.1; chromosome 3:CM000493.1; chromosome 4:CM000494.1; chromosome 5:CM000495.1; chromosome 6:CM000496.1; chromosome 7:CM000497.1; chromosome 8:CM000498.1; chromosome 9:CM000499.1; chromosome 10:CM000500.1; chromosome 11:CM000501.1; chromosome 12:CM000502.1; chromosome 13:CM000503.1; chromosome 14:CM000504.1; chromosome 15:CM000505.1; chromosome 16:CM000506.1; chromosome 17:CM000507.1; chromosome 18:CM000508.1; chromosome 19:CM000509.1; chromosome 20:CM000510.1; chromosome 21:CM000511.1; chromosome 22:CM000512.1; chromosome X:CM000513.1; chromosome Y:CM000514.1,ABSL01,187643,-,-,8/5/08,8/11/14
Homo sapiens,,SAMN02205338 ,PRJNA176729,Mammals,3037.87,41.5359,GCA_000306695.2 ,chromosome 1:NC_018912.2/CM001609.2; chromosome 2:NC_018913.2/CM001610.2; chromosome 3:NC_018914.2/CM001611.2; chromosome 4:NC_018915.2/CM001612.2; chromosome 5:NC_018916.2/CM001613.2; chromosome 6:NC_018917.2/CM001614.2; chromosome 7:NC_018918.2/CM001615.2; chromosome 8:NC_018919.2/CM001616.2; chromosome 9:NC_018920.2/CM001617.2; chromosome 10:NC_018921.2/CM001618.2; chromosome 11:NC_018922.2/CM001619.2; chromosome 12:NC_018923.2/CM001620.2; chromosome 13:NC_018924.2/CM001621.2; chromosome 14:NC_018925.2/CM001622.2; chromosome 15:NC_018926.2/CM001623.2; chromosome 16:NC_018927.2/CM001624.2; chromosome 17:NC_018928.2/CM001625.2; chromosome 18:NC_018929.2/CM001626.2; chromosome 19:NC_018930.2/CM001627.2; chromosome 20:NC_018931.2/CM001628.2; chromosome 21:NC_018932.2/CM001629.2; chromosome 22:NC_018933.2/CM001630.2; chromosome X:NC_018934.2/CM001631.2; mitochondrion MT:CM001971.1,AMYH02,163,49766,40008,10/17/12,10/26/15
Homo sapiens,,SAMN02981219 ,PRJNA1431,Mammals,2992.79,41.7015,GCA_000365445.1 ,chromosome 1:CH003496.1; chromosome 2:CH003497.1; chromosome 3:CH003498.1; chromosome 4:CH003499.1; chromosome 5:CH003500.1; chromosome 6:CH003501.1; chromosome 7:CH003502.1; chromosome 8:CH003503.1; chromosome 9:CH003504.1; chromosome 10:CH003505.1; chromosome 11:CH003506.1; chromosome 12:CH003507.1; chromosome 13:CH003508.1; chromosome 14:CH003509.1; chromosome 15:CH003510.1; chromosome 16:CH003511.1; chromosome 17:CH003512.1; chromosome 18:CH003513.1; chromosome 19:CH003514.1; chromosome 20:CH003515.1; chromosome 21:CH003516.1; chromosome 22:CH003517.1; chromosome X:CH003518.1; chromosome Y:CH003519.1,AADC01,54061,-,-,2/4/04,8/11/14
Homo sapiens,,SAMN00009513 ,PRJNA203659,Mammals,2872.3,41.0625,GCA_001292825.2 ,chromosome 1:CM003472.2; chromosome 2:CM003473.1; chromosome 3:CM003474.2; chromosome 4:CM003475.1; chromosome 5:CM003476.2; chromosome 6:CM003477.2; chromosome 7:CM003478.2; chromosome 8:CM003479.2; chromosome 9:CM003480.2; chromosome 10:CM003481.2; chromosome 11:CM003482.2; chromosome 12:CM003483.2; chromosome 13:CM003484.2; chromosome 14:CM003485.2; chromosome 15:CM003486.2; chromosome 16:CM003487.2; chromosome 17:CM003488.2; chromosome 18:CM003489.1; chromosome 19:CM003490.2; chromosome 20:CM003491.2; chromosome 21:CM003492.2; chromosome 22:CM003493.2; chromosome X:CM003494.2; chromosome Y:CM003495.2,LIQK02,6553,-,-,9/16/15,11/12/15